{"cameraMode":{"drawMode":0,"name":"Shaded","section":"Shading Mode"},"sceneLighting":false,"audioPlay":false,"sceneViewState":{"showFog":true,"showMaterialUpdate":false,"showSkybox":false,"showFlares":true,"showImageEffects":true,"showParticleSystems":true},"in2DMode":false,"pivot":{"x":-8.404894828796387,"y":-2.224517583847046,"z":7.110604763031006},"rotation":{"x":0.07380198687314987,"y":0.5883288383483887,"z":-0.054440125823020938,"w":0.8036975860595703},"size":1.0999354124069214,"orthographic":false}