{"cameraMode":{"drawMode":0,"name":"Shaded","section":"Shading Mode"},"sceneLighting":false,"audioPlay":false,"sceneViewState":{"showFog":true,"showMaterialUpdate":false,"showSkybox":false,"showFlares":true,"showImageEffects":true,"showParticleSystems":true},"in2DMode":false,"pivot":{"x":7.980000019073486,"y":6.880000114440918,"z":-14.860000610351563},"rotation":{"x":0.13914279639720918,"y":-0.05977528542280197,"z":0.007942957803606987,"w":0.9885179996490479},"size":3.053788661956787,"orthographic":false}